{
  "compound": [
    {
      "inchi": "InChI=1S/C5H5NO/c7-5-3-1-2-4-6-5/h1-4H,(H,6,7)",
      "inchiKey": "UBQKCCHYAOITMY-UHFFFAOYSA-N",
      "metaData": [
        {
          "category": "none",
          "computed": false,
          "hidden": false,
          "name": "PubChem",
          "value": 8871
        },
        {
          "category": "none",
          "computed": false,
          "hidden": false,
          "name": "InChI",
          "value": "InChI=1S/C5H5NO/c7-5-3-1-2-4-6-5/h1-4H,(H,6,7)"
        },
        {
          "category": "none",
          "computed": false,
          "hidden": false,
          "name": "InChIKey",
          "value": "UBQKCCHYAOITMY-UHFFFAOYSA-N"
        },
        {
          "category": "computed",
          "computed": true,
          "hidden": false,
          "name": "molecular formula",
          "value": "C5H5NO"
        },
        {
          "category": "computed",
          "computed": true,
          "hidden": false,
          "name": "total exact mass",
          "value": 95.03711378
        },
        {
          "category": "computed",
          "computed": true,
          "hidden": false,
          "name": "SMILES",
          "value": "[H]OC1=NC([H])=C([H])C([H])=C1[H]"
        },
        {
          "category": "computed",
          "computed": true,
          "hidden": false,
          "name": "InChI",
          "value": "InChI=1S/C5H5NO/c7-5-3-1-2-4-6-5/h1-4H,(H,6,7)"
        },
        {
          "category": "computed",
          "computed": true,
          "hidden": false,
          "name": "InChIKey",
          "value": "UBQKCCHYAOITMY-UHFFFAOYSA-N"
        }
      ],
      "molFile": "\n  CDK     0305172027\n\n 12 12  0  0  0  0  0  0  0  0999 V2000\n    1.2991   -0.7502    0.0000 C   0  0  0  0  0  0  0  0  0  0  0  0\n    1.2996    0.7507    0.0000 C   0  0  0  0  0  0  0  0  0  0  0  0\n   -0.0004   -1.5010    0.0000 C   0  0  0  0  0  0  0  0  0  0  0  0\n    0.0006    1.5007    0.0000 C   0  0  0  0  0  0  0  0  0  0  0  0\n   -1.2994   -0.7510    0.0000 C   0  0  0  0  0  0  0  0  0  0  0  0\n   -1.2989    0.7498    0.0000 N   0  0  0  0  0  0  0  0  0  0  0  0\n   -2.5986   -1.5008    0.0000 O   0  0  0  0  0  0  0  0  0  0  0  0\n    2.5982   -1.5002    0.0000 H   0  0  0  0  0  0  0  0  0  0  0  0\n    2.5988    1.5005    0.0000 H   0  0  0  0  0  0  0  0  0  0  0  0\n   -0.0002   -3.0010    0.0000 H   0  0  0  0  0  0  0  0  0  0  0  0\n    0.0003    3.0007    0.0000 H   0  0  0  0  0  0  0  0  0  0  0  0\n   -3.8975   -0.7506    0.0000 H   0  0  0  0  0  0  0  0  0  0  0  0\n  2  1  2  0  0  0  0 \n  3  1  1  0  0  0  0 \n  4  2  1  0  0  0  0 \n  5  3  2  0  0  0  0 \n  6  4  2  0  0  0  0 \n  6  5  1  0  0  0  0 \n  7  5  1  0  0  0  0 \n  1  8  1  0  0  0  0 \n  2  9  1  0  0  0  0 \n  3 10  1  0  0  0  0 \n  4 11  1  0  0  0  0 \n  7 12  1  0  0  0  0 \nM  END\n",
      "names": [
        {
          "computed": false,
          "name": "2-hydroxypyridine",
          "score": 0
        },
        {
          "computed": false,
          "name": "2-Pyridinol",
          "score": 0
        },
        {
          "computed": false,
          "name": "2-Pyridone",
          "score": 0
        },
        {
          "computed": false,
          "name": "2-Oxopyridine",
          "score": 0
        },
        {
          "computed": false,
          "name": "2-Pyridinone",
          "score": 0
        },
        {
          "computed": false,
          "name": "2(1H)-Pyridinone",
          "score": 0
        },
        {
          "computed": false,
          "name": "alpha-Pyridone",
          "score": 0
        },
        {
          "computed": false,
          "name": "1H-pyridin-2-one",
          "score": 0
        }
      ],
      "tags": [],
      "computed": false,
      "kind": "biological",
      "classification": [
        {
          "category": "classification",
          "computed": true,
          "hidden": false,
          "name": "kingdom",
          "url": "http://classyfire.wishartlab.com/entities/UBQKCCHYAOITMY-UHFFFAOYSA-N.json",
          "value": "Organic compounds"
        },
        {
          "category": "classification",
          "computed": true,
          "hidden": false,
          "name": "superclass",
          "url": "http://classyfire.wishartlab.com/entities/UBQKCCHYAOITMY-UHFFFAOYSA-N.json",
          "value": "Organoheterocyclic compounds"
        },
        {
          "category": "classification",
          "computed": true,
          "hidden": false,
          "name": "class",
          "url": "http://classyfire.wishartlab.com/entities/UBQKCCHYAOITMY-UHFFFAOYSA-N.json",
          "value": "Pyridines and derivatives"
        },
        {
          "category": "classification",
          "computed": true,
          "hidden": false,
          "name": "subclass",
          "url": "http://classyfire.wishartlab.com/entities/UBQKCCHYAOITMY-UHFFFAOYSA-N.json",
          "value": "Hydropyridines"
        },
        {
          "category": "classification",
          "computed": true,
          "hidden": false,
          "name": "direct parent",
          "url": "http://classyfire.wishartlab.com/entities/UBQKCCHYAOITMY-UHFFFAOYSA-N.json",
          "value": "Pyridinones"
        },
        {
          "category": "classification",
          "computed": true,
          "hidden": false,
          "name": "alternative parent",
          "url": "http://classyfire.wishartlab.com/entities/UBQKCCHYAOITMY-UHFFFAOYSA-N.json",
          "value": "Dihydropyridines"
        },
        {
          "category": "classification",
          "computed": true,
          "hidden": false,
          "name": "alternative parent",
          "url": "http://classyfire.wishartlab.com/entities/UBQKCCHYAOITMY-UHFFFAOYSA-N.json",
          "value": "Heteroaromatic compounds"
        },
        {
          "category": "classification",
          "computed": true,
          "hidden": false,
          "name": "alternative parent",
          "url": "http://classyfire.wishartlab.com/entities/UBQKCCHYAOITMY-UHFFFAOYSA-N.json",
          "value": "Lactams"
        },
        {
          "category": "classification",
          "computed": true,
          "hidden": false,
          "name": "alternative parent",
          "url": "http://classyfire.wishartlab.com/entities/UBQKCCHYAOITMY-UHFFFAOYSA-N.json",
          "value": "Azacyclic compounds"
        },
        {
          "category": "classification",
          "computed": true,
          "hidden": false,
          "name": "alternative parent",
          "url": "http://classyfire.wishartlab.com/entities/UBQKCCHYAOITMY-UHFFFAOYSA-N.json",
          "value": "Organopnictogen compounds"
        },
        {
          "category": "classification",
          "computed": true,
          "hidden": false,
          "name": "alternative parent",
          "url": "http://classyfire.wishartlab.com/entities/UBQKCCHYAOITMY-UHFFFAOYSA-N.json",
          "value": "Organooxygen compounds"
        },
        {
          "category": "classification",
          "computed": true,
          "hidden": false,
          "name": "alternative parent",
          "url": "http://classyfire.wishartlab.com/entities/UBQKCCHYAOITMY-UHFFFAOYSA-N.json",
          "value": "Organonitrogen compounds"
        },
        {
          "category": "classification",
          "computed": true,
          "hidden": false,
          "name": "alternative parent",
          "url": "http://classyfire.wishartlab.com/entities/UBQKCCHYAOITMY-UHFFFAOYSA-N.json",
          "value": "Organic oxides"
        },
        {
          "category": "classification",
          "computed": true,
          "hidden": false,
          "name": "alternative parent",
          "url": "http://classyfire.wishartlab.com/entities/UBQKCCHYAOITMY-UHFFFAOYSA-N.json",
          "value": "Hydrocarbon derivatives"
        }
      ]
    }
  ],
  "id": "FiehnLib000553",
  "dateCreated": 1488566314695,
  "lastUpdated": 1488745621230,
  "metaData": [
    {
      "category": "none",
      "computed": false,
      "hidden": false,
      "name": "chromatogram",
      "value": "060112bylcs10"
    },
    {
      "category": "none",
      "computed": false,
      "hidden": false,
      "name": "retention index",
      "value": 206636
    },
    {
      "category": "none",
      "computed": false,
      "hidden": false,
      "name": "derivatization type",
      "value": "1 TMS"
    },
    {
      "category": "none",
      "computed": false,
      "hidden": false,
      "name": "derivatization mass",
      "value": 167.077
    },
    {
      "category": "none",
      "computed": false,
      "hidden": false,
      "name": "ms level",
      "value": "MS1"
    },
    {
      "category": "none",
      "computed": false,
      "hidden": false,
      "name": "instrument",
      "value": "Leco Pegasus IV"
    },
    {
      "category": "none",
      "computed": false,
      "hidden": false,
      "name": "instrument type",
      "value": "GC-EI-TOF"
    },
    {
      "category": "none",
      "computed": false,
      "hidden": false,
      "name": "ion source temperature",
      "value": "250C"
    },
    {
      "category": "none",
      "computed": false,
      "hidden": false,
      "name": "transfer line temperature",
      "value": "230C"
    },
    {
      "category": "none",
      "computed": false,
      "hidden": false,
      "name": "ionization energy",
      "value": "-70 eV"
    },
    {
      "category": "none",
      "computed": false,
      "hidden": false,
      "name": "scan range",
      "value": "80-500 Da"
    },
    {
      "category": "none",
      "computed": false,
      "hidden": false,
      "name": "column",
      "value": "Restek Corporation Rtx-5Sil MS (30 m length x 0.25 mm internal diameter with 0.25 µm film made of 95% dimethyl/5%diphenylpolysiloxane)"
    },
    {
      "category": "none",
      "computed": false,
      "hidden": false,
      "name": "guard column",
      "value": "10m"
    },
    {
      "category": "none",
      "computed": false,
      "hidden": false,
      "name": "mobile phase",
      "value": "helium"
    },
    {
      "category": "none",
      "computed": false,
      "hidden": false,
      "name": "column temperature",
      "value": "50-330°C"
    },
    {
      "category": "none",
      "computed": false,
      "hidden": false,
      "name": "flow rate",
      "value": "1 mL min-1"
    },
    {
      "category": "none",
      "computed": false,
      "hidden": false,
      "name": "injection volume",
      "value": "0.5 µL"
    },
    {
      "category": "none",
      "computed": false,
      "hidden": false,
      "name": "injection",
      "value": "25 splitless time into a multi-baffled glass liner"
    },
    {
      "category": "none",
      "computed": false,
      "hidden": false,
      "name": "injection temperature",
      "value": "50°C ramped to 250°C by 12°C s-1"
    },
    {
      "category": "none",
      "computed": false,
      "hidden": false,
      "name": "oven temperature",
      "value": "50°C for 1 min, then ramped at 20°C min-1 to 330°C, held constant for 5 min."
    },
    {
      "category": "none",
      "computed": false,
      "hidden": false,
      "name": "detector voltage",
      "value": "1800 V"
    },
    {
      "category": "none",
      "computed": false,
      "hidden": false,
      "name": "data transformation",
      "value": "BinBase"
    },
    {
      "category": "none",
      "computed": false,
      "hidden": false,
      "name": "data transformation",
      "value": "WHOLE ChromaTOF ver. 4.x"
    },
    {
      "category": "none",
      "computed": false,
      "hidden": false,
      "name": "ionization mode",
      "value": "positive"
    },
    {
      "category": "none",
      "computed": true,
      "hidden": true,
      "name": "Last Auto-Curation",
      "value": 1488745621206
    }
  ],
  "annotations": [],
  "score": {
    "impacts": [
      {
        "value": 2,
        "reason": "Valid molecular structure(s) provided for biological compound"
      },
      {
        "value": 1,
        "reason": "Chromatography identified"
      },
      {
        "value": 1,
        "reason": "Ionization mode/type provided"
      },
      {
        "value": 1,
        "reason": "MS type/level identified"
      },
      {
        "value": 1,
        "reason": "Instrument information provided"
      },
      {
        "value": -1,
        "reason": "No collision energy provided"
      },
      {
        "value": 1,
        "reason": "Retention time/index provided"
      },
      {
        "value": 1,
        "reason": "Column information provided"
      }
    ],
    "score": 4.444444444444445
  },
  "spectrum": "85:1.601602 86:0.700701 91:0.700701 92:2.502503 93:3.103103 94:0.900901 95:3.003003 96:1.501502 97:4.404404 98:1.201201 99:0.800801 100:0.600601 106:0.400400 107:0.400400 108:0.300300 109:0.400400 110:0.400400 111:0.500501 112:0.200200 124:0.100100 127:0.200200 130:0.900901 132:0.100100 134:0.800801 135:0.200200 136:4.604605 137:2.602603 138:1.001001 140:0.100100 146:0.100100 147:0.300300 148:0.200200 150:0.100100 151:0.300300 152:100.000000 153:7.107107 154:2.102102 166:5.405405 167:4.504505 168:0.300300",
  "splash": {
    "block1": "splash10",
    "block2": "0udi",
    "block3": "1900000000",
    "block4": "60c99c3a6b3cc2dbbd58",
    "splash": "splash10-0udi-1900000000-60c99c3a6b3cc2dbbd58"
  },
  "submitter": {
    "id": "ofiehn@ucdavis.edu",
    "emailAddress": "ofiehn@ucdavis.edu",
    "firstName": "Oliver",
    "lastName": "Fiehn",
    "institution": "University of California, Davis"
  },
  "tags": [
    {
      "ruleBased": false,
      "text": "FiehnLib"
    },
    {
      "ruleBased": true,
      "text": "GC-MS"
    }
  ],
  "library": {
    "library": "FiehnLib",
    "description": "RTX5 Fiehn Library for Metabolic Profiling",
    "link": "http://fiehnlab.ucdavis.edu/Metabolite-Library-2007/",
    "tag": {
      "ruleBased": false,
      "text": "FiehnLib"
    }
  }
}

{
  "compound": [
    {
      "inchi": "InChI=1S/C3H4O3/c1-2(4)3(5)6/h1H3,(H,5,6)",
      "inchiKey": "LCTONWCANYUPML-UHFFFAOYSA-N",
      "metaData": [
        {
          "category": "none",
          "computed": false,
          "hidden": false,
          "name": "PubChem",
          "value": 1060
        },
        {
          "category": "none",
          "computed": false,
          "hidden": false,
          "name": "InChI",
          "value": "InChI=1S/C3H4O3/c1-2(4)3(5)6/h1H3,(H,5,6)"
        },
        {
          "category": "none",
          "computed": false,
          "hidden": false,
          "name": "InChIKey",
          "value": "LCTONWCANYUPML-UHFFFAOYSA-N"
        },
        {
          "category": "computed",
          "computed": true,
          "hidden": false,
          "name": "molecular formula",
          "value": "C3H4O3"
        },
        {
          "category": "computed",
          "computed": true,
          "hidden": false,
          "name": "total exact mass",
          "value": 88.01604398799999
        },
        {
          "category": "computed",
          "computed": true,
          "hidden": false,
          "name": "SMILES",
          "value": "[H]OC(=O)C(=O)C([H])([H])[H]"
        },
        {
          "category": "computed",
          "computed": true,
          "hidden": false,
          "name": "InChI",
          "value": "InChI=1S/C3H4O3/c1-2(4)3(5)6/h1H3,(H,5,6)"
        },
        {
          "category": "computed",
          "computed": true,
          "hidden": false,
          "name": "InChIKey",
          "value": "LCTONWCANYUPML-UHFFFAOYSA-N"
        }
      ],
      "molFile": "\n  CDK     0305172027\n\n 10  9  0  0  0  0  0  0  0  0999 V2000\n    5.1962   -0.0000    0.0000 C   0  0  0  0  0  0  0  0  0  0  0  0\n    3.8971   -0.7500    0.0000 C   0  0  0  0  0  0  0  0  0  0  0  0\n    2.5981   -0.0000    0.0000 C   0  0  0  0  0  0  0  0  0  0  0  0\n    3.8971   -2.2500    0.0000 O   0  0  0  0  0  0  0  0  0  0  0  0\n    1.2990   -0.7500    0.0000 O   0  0  0  0  0  0  0  0  0  0  0  0\n    2.5981    1.5000    0.0000 O   0  0  0  0  0  0  0  0  0  0  0  0\n    6.4952   -0.7500    0.0000 H   0  0  0  0  0  0  0  0  0  0  0  0\n    6.1603    1.1491    0.0000 H   0  0  0  0  0  0  0  0  0  0  0  0\n    4.2320    1.1491    0.0000 H   0  0  0  0  0  0  0  0  0  0  0  0\n   -0.0000    0.0000    0.0000 H   0  0  0  0  0  0  0  0  0  0  0  0\n  2  1  1  0  0  0  0 \n  3  2  1  0  0  0  0 \n  4  2  2  0  0  0  0 \n  5  3  1  0  0  0  0 \n  6  3  2  0  0  0  0 \n  1  7  1  0  0  0  0 \n  1  8  1  0  0  0  0 \n  1  9  1  0  0  0  0 \n  5 10  1  0  0  0  0 \nM  END\n",
      "names": [
        {
          "computed": false,
          "name": "pyruvic acid",
          "score": 0
        },
        {
          "computed": false,
          "name": "Pyruvic acid",
          "score": 0
        },
        {
          "computed": false,
          "name": "Pyroracemic acid",
          "score": 0
        },
        {
          "computed": false,
          "name": "pyruvate",
          "score": 0
        },
        {
          "computed": false,
          "name": "acetylformic acid",
          "score": 0
        },
        {
          "computed": false,
          "name": "2-Oxopropanoic acid",
          "score": 0
        },
        {
          "computed": false,
          "name": "2-Oxopropanoate",
          "score": 0
        },
        {
          "computed": false,
          "name": "2-oxopropanoic acid",
          "score": 0
        }
      ],
      "tags": [],
      "computed": false,
      "kind": "biological",
      "classification": [
        {
          "category": "classification",
          "computed": true,
          "hidden": false,
          "name": "kingdom",
          "url": "http://classyfire.wishartlab.com/entities/LCTONWCANYUPML-UHFFFAOYSA-N.json",
          "value": "Organic compounds"
        },
        {
          "category": "classification",
          "computed": true,
          "hidden": false,
          "name": "superclass",
          "url": "http://classyfire.wishartlab.com/entities/LCTONWCANYUPML-UHFFFAOYSA-N.json",
          "value": "Organic acids and derivatives"
        },
        {
          "category": "classification",
          "computed": true,
          "hidden": false,
          "name": "class",
          "url": "http://classyfire.wishartlab.com/entities/LCTONWCANYUPML-UHFFFAOYSA-N.json",
          "value": "Keto acids and derivatives"
        },
        {
          "category": "classification",
          "computed": true,
          "hidden": false,
          "name": "subclass",
          "url": "http://classyfire.wishartlab.com/entities/LCTONWCANYUPML-UHFFFAOYSA-N.json",
          "value": "Alpha-keto acids and derivatives"
        },
        {
          "category": "classification",
          "computed": true,
          "hidden": false,
          "name": "direct parent",
          "url": "http://classyfire.wishartlab.com/entities/LCTONWCANYUPML-UHFFFAOYSA-N.json",
          "value": "Alpha-keto acids and derivatives"
        },
        {
          "category": "classification",
          "computed": true,
          "hidden": false,
          "name": "alternative parent",
          "url": "http://classyfire.wishartlab.com/entities/LCTONWCANYUPML-UHFFFAOYSA-N.json",
          "value": "Alpha-hydroxy ketones"
        },
        {
          "category": "classification",
          "computed": true,
          "hidden": false,
          "name": "alternative parent",
          "url": "http://classyfire.wishartlab.com/entities/LCTONWCANYUPML-UHFFFAOYSA-N.json",
          "value": "Monocarboxylic acids and derivatives"
        },
        {
          "category": "classification",
          "computed": true,
          "hidden": false,
          "name": "alternative parent",
          "url": "http://classyfire.wishartlab.com/entities/LCTONWCANYUPML-UHFFFAOYSA-N.json",
          "value": "Carboxylic acids"
        },
        {
          "category": "classification",
          "computed": true,
          "hidden": false,
          "name": "alternative parent",
          "url": "http://classyfire.wishartlab.com/entities/LCTONWCANYUPML-UHFFFAOYSA-N.json",
          "value": "Organic oxides"
        },
        {
          "category": "classification",
          "computed": true,
          "hidden": false,
          "name": "alternative parent",
          "url": "http://classyfire.wishartlab.com/entities/LCTONWCANYUPML-UHFFFAOYSA-N.json",
          "value": "Hydrocarbon derivatives"
        }
      ]
    }
  ],
  "id": "FiehnLib001111",
  "dateCreated": 1488566340660,
  "lastUpdated": 1488745646681,
  "metaData": [
    {
      "category": "none",
      "computed": false,
      "hidden": false,
      "name": "chromatogram",
      "value": "140307bmpst_2"
    },
    {
      "category": "none",
      "computed": false,
      "hidden": false,
      "name": "retention index",
      "value": 210436
    },
    {
      "category": "none",
      "computed": false,
      "hidden": false,
      "name": "derivatization type",
      "value": "1 TMS; 1 MEOX"
    },
    {
      "category": "none",
      "computed": false,
      "hidden": false,
      "name": "derivatization mass",
      "value": 189.082
    },
    {
      "category": "none",
      "computed": false,
      "hidden": false,
      "name": "ms level",
      "value": "MS1"
    },
    {
      "category": "none",
      "computed": false,
      "hidden": false,
      "name": "instrument",
      "value": "Leco Pegasus IV"
    },
    {
      "category": "none",
      "computed": false,
      "hidden": false,
      "name": "instrument type",
      "value": "GC-EI-TOF"
    },
    {
      "category": "none",
      "computed": false,
      "hidden": false,
      "name": "ion source temperature",
      "value": "250C"
    },
    {
      "category": "none",
      "computed": false,
      "hidden": false,
      "name": "transfer line temperature",
      "value": "230C"
    },
    {
      "category": "none",
      "computed": false,
      "hidden": false,
      "name": "ionization energy",
      "value": "-70 eV"
    },
    {
      "category": "none",
      "computed": false,
      "hidden": false,
      "name": "scan range",
      "value": "80-500 Da"
    },
    {
      "category": "none",
      "computed": false,
      "hidden": false,
      "name": "column",
      "value": "Restek Corporation Rtx-5Sil MS (30 m length x 0.25 mm internal diameter with 0.25 µm film made of 95% dimethyl/5%diphenylpolysiloxane)"
    },
    {
      "category": "none",
      "computed": false,
      "hidden": false,
      "name": "guard column",
      "value": "10m"
    },
    {
      "category": "none",
      "computed": false,
      "hidden": false,
      "name": "mobile phase",
      "value": "helium"
    },
    {
      "category": "none",
      "computed": false,
      "hidden": false,
      "name": "column temperature",
      "value": "50-330°C"
    },
    {
      "category": "none",
      "computed": false,
      "hidden": false,
      "name": "flow rate",
      "value": "1 mL min-1"
    },
    {
      "category": "none",
      "computed": false,
      "hidden": false,
      "name": "injection volume",
      "value": "0.5 µL"
    },
    {
      "category": "none",
      "computed": false,
      "hidden": false,
      "name": "injection",
      "value": "25 splitless time into a multi-baffled glass liner"
    },
    {
      "category": "none",
      "computed": false,
      "hidden": false,
      "name": "injection temperature",
      "value": "50°C ramped to 250°C by 12°C s-1"
    },
    {
      "category": "none",
      "computed": false,
      "hidden": false,
      "name": "oven temperature",
      "value": "50°C for 1 min, then ramped at 20°C min-1 to 330°C, held constant for 5 min."
    },
    {
      "category": "none",
      "computed": false,
      "hidden": false,
      "name": "detector voltage",
      "value": "1800 V"
    },
    {
      "category": "none",
      "computed": false,
      "hidden": false,
      "name": "data transformation",
      "value": "BinBase"
    },
    {
      "category": "none",
      "computed": false,
      "hidden": false,
      "name": "data transformation",
      "value": "WHOLE ChromaTOF ver. 4.x"
    },
    {
      "category": "none",
      "computed": false,
      "hidden": false,
      "name": "ionization mode",
      "value": "positive"
    },
    {
      "category": "none",
      "computed": true,
      "hidden": true,
      "name": "Last Auto-Curation",
      "value": 1488745646657
    }
  ],
  "annotations": [],
  "score": {
    "impacts": [
      {
        "value": 2,
        "reason": "Valid molecular structure(s) provided for biological compound"
      },
      {
        "value": 1,
        "reason": "Chromatography identified"
      },
      {
        "value": 1,
        "reason": "Ionization mode/type provided"
      },
      {
        "value": 1,
        "reason": "MS type/level identified"
      },
      {
        "value": 1,
        "reason": "Instrument information provided"
      },
      {
        "value": -1,
        "reason": "No collision energy provided"
      },
      {
        "value": 1,
        "reason": "Retention time/index provided"
      },
      {
        "value": 1,
        "reason": "Column information provided"
      }
    ],
    "score": 4.444444444444445
  },
  "spectrum": "85:1.301301 86:2.102102 87:0.800801 88:0.600601 89:89.089089 90:7.407407 91:4.104104 92:0.500501 93:0.400400 95:0.200200 97:0.200200 98:1.601602 99:27.727728 100:20.620621 101:3.303303 102:0.900901 103:1.501502 104:0.300300 105:0.100100 107:0.500501 110:0.500501 113:0.200200 114:3.903904 115:34.234234 116:4.504505 117:8.708709 118:1.301301 119:0.400400 127:0.200200 128:0.300300 129:0.100100 130:1.401401 131:0.200200 134:1.101101 143:1.901902 144:0.500501 145:0.100100 146:0.200200 157:0.100100 158:6.706707 159:2.302302 160:0.300300 174:100.000000 175:10.410410 176:3.703704 177:0.200200 184:0.400400 189:2.002002 190:0.200200",
  "splash": {
    "block1": "splash10",
    "block2": "00dr",
    "block3": "5900000000",
    "block4": "5b1f470d4ff91420618c",
    "splash": "splash10-00dr-5900000000-5b1f470d4ff91420618c"
  },
  "submitter": {
    "id": "ofiehn@ucdavis.edu",
    "emailAddress": "ofiehn@ucdavis.edu",
    "firstName": "Oliver",
    "lastName": "Fiehn",
    "institution": "University of California, Davis"
  },
  "tags": [
    {
      "ruleBased": false,
      "text": "FiehnLib"
    },
    {
      "ruleBased": true,
      "text": "GC-MS"
    }
  ],
  "library": {
    "library": "FiehnLib",
    "description": "RTX5 Fiehn Library for Metabolic Profiling",
    "link": "http://fiehnlab.ucdavis.edu/Metabolite-Library-2007/",
    "tag": {
      "ruleBased": false,
      "text": "FiehnLib"
    }
  }
}